url_length,has_sql_keyword,has_script,request_size,label
234,1,1,3884,1
145,1,1,3962,1
307,1,0,2904,1
12,0,0,378,0
15,0,0,186,0
56,0,0,110,0
74,0,0,484,0
72,0,0,463,0
23,0,0,257,0
413,0,1,1464,1
25,0,0,429,0
62,0,0,111,0
58,0,0,325,0
80,0,0,454,0
16,0,0,262,0
60,0,0,169,0
11,0,0,420,0
42,0,0,129,0
223,1,0,1182,1
370,1,0,2650,1
157,0,0,575,1
326,0,1,1156,1
56,0,0,287,0
167,0,1,4584,1
63,0,0,394,0
70,0,0,157,0
212,0,0,3091,1
42,0,0,393,0
44,0,0,366,0
234,1,0,2473,1
67,0,0,287,0
71,0,0,262,0
26,0,0,252,0
51,0,0,413,0
390,1,1,3058,1
18,0,0,189,0
270,1,1,967,1
51,0,0,317,0
32,0,0,305,0
54,0,0,492,0
48,0,0,159,0
65,0,0,323,0
324,0,1,4098,1
77,0,0,340,0
151,0,0,3101,1
485,0,1,4387,1
28,0,0,135,0
54,0,0,450,0
431,1,0,4917,1
22,0,0,265,0
198,1,1,1266,1
78,0,0,414,0
58,0,0,104,0
54,0,0,172,0
24,0,0,200,0
320,0,0,3117,1
189,1,1,3130,1
11,0,0,491,0
29,0,0,126,0
31,0,0,161,0
174,0,0,3177,1
71,0,0,434,0
20,0,0,345,0
33,0,0,275,0
39,0,0,465,0
63,0,0,2636,1
54,0,0,173,0
77,0,0,349,0
12,0,0,166,0
20,0,0,254,0
61,0,0,488,0
21,0,0,150,0
117,0,1,842,1
408,1,0,650,1
412,1,1,2041,1
28,0,0,499,0
27,0,0,495,0
35,0,0,354,0
43,0,0,375,0
15,0,0,281,0
437,0,1,2536,1
96,1,0,4305,1
51,0,0,179,0
14,0,0,450,0
17,0,0,451,0
414,1,0,4679,1
364,0,0,1369,1
53,0,0,227,0
27,0,0,416,0
51,0,0,498,0
68,0,0,258,0
186,1,0,2115,1
16,0,0,500,0
10,0,0,427,0
76,0,0,2631,1
31,0,0,249,0
68,0,0,262,0
46,0,0,456,0
30,0,0,225,0
14,0,0,363,0
209,1,0,1793,1
330,1,0,4309,1
186,0,0,2031,1
193,1,1,4796,1
435,0,0,1195,1
11,0,0,282,0
13,0,0,383,0
337,1,1,3339,1
73,0,0,264,0
416,0,1,868,1
64,0,0,333,0
75,0,0,141,0
78,0,0,981,1
53,0,0,350,0
38,0,0,149,0
30,0,0,296,0
136,0,1,1273,1
149,0,1,1942,1
59,0,0,270,0
59,0,0,424,0
42,0,0,431,0
74,0,0,329,0
283,1,1,2081,1
61,0,0,194,0
61,0,0,446,0
34,0,0,324,0
75,0,1,1516,1
32,0,0,219,0
37,0,0,209,0
444,0,0,3746,1
70,0,0,170,0
28,0,0,326,0
41,0,0,178,0
45,0,0,135,0
315,0,0,885,1
67,0,0,176,0
29,0,0,452,0
19,0,0,202,0
224,1,1,3301,1
72,0,0,449,0
69,0,0,111,0
394,0,1,3908,1
32,0,0,358,0
63,0,0,226,0
159,0,0,1761,1
20,0,0,486,0
14,0,0,425,0
64,0,0,379,0
237,1,0,1673,1
64,0,0,438,0
115,0,0,2036,1
42,0,0,447,0
52,0,0,440,0
69,0,0,347,0
31,0,0,495,0
35,0,0,279,0
52,0,0,139,0
69,0,0,406,0
78,0,0,255,0
42,0,0,219,0
80,0,0,434,0
61,0,0,292,0
446,0,1,4873,1
93,1,1,1622,1
80,0,0,213,0
16,0,0,329,0
77,0,0,413,0
159,1,0,4698,1
52,0,0,421,0
28,0,0,283,0
387,0,0,1467,1
74,0,0,227,0
11,0,0,171,0
240,0,0,3384,1
277,1,0,3207,1
496,0,1,3910,1
57,0,0,116,0
74,0,0,103,0
82,0,0,3624,1
54,0,0,303,0
19,0,0,353,0
71,0,0,264,0
14,0,0,408,0
10,0,0,389,0
136,1,0,745,1
61,0,0,161,0
491,1,0,2649,1
423,0,1,2094,1
77,0,0,416,0
53,0,0,321,0
154,0,0,1790,1
71,0,0,225,0
22,0,0,331,0
28,0,0,139,0
29,0,0,452,0
66,0,0,183,0
20,0,0,152,0
60,0,0,304,0
86,1,0,3910,1
80,0,0,173,0
26,0,0,242,0
15,0,0,154,0
27,0,0,345,0
11,0,0,264,0
44,0,0,368,0
77,0,0,207,0
37,0,0,417,0
15,0,0,130,0
11,0,0,162,0
50,0,0,312,0
66,0,0,178,0
321,0,0,1494,1
17,0,0,308,0
25,0,0,380,0
308,0,0,4564,1
235,1,1,3189,1
10,0,0,156,0
62,0,0,274,0
40,0,0,429,0
32,0,0,237,0
18,0,0,171,0
32,0,0,105,0
73,0,0,162,0
384,1,1,1979,1
152,1,0,4815,1
21,0,0,331,0
27,0,0,297,0
25,0,0,178,0
39,0,0,494,0
14,0,0,412,0
86,0,0,2371,1
274,1,1,4287,1
409,0,1,3036,1
62,0,0,379,0
21,0,0,482,0
67,0,0,474,0
28,0,0,159,0
15,0,0,400,0
44,0,0,353,0
66,0,0,338,0
22,0,0,117,0
26,0,0,391,0
63,0,0,429,0
48,0,0,116,0
64,0,0,305,0
320,1,0,4206,1
51,0,0,114,0
84,1,0,4315,1
40,0,0,124,0
18,0,0,403,0
369,0,0,2693,1
32,0,0,389,0
40,0,0,344,0
75,0,0,482,0
49,0,0,369,0
406,0,0,3096,1
28,0,0,188,0
202,1,0,667,1
16,0,0,212,0
26,0,0,455,0
11,0,0,115,0
60,0,0,212,0
64,0,0,321,0
234,0,0,4264,1
290,0,0,4795,1
72,0,0,207,0
32,0,0,429,0
78,0,0,184,0
279,1,1,4971,1
60,1,0,4706,1
269,0,0,3604,1
18,0,0,133,0
14,0,0,268,0
12,0,0,494,0
203,0,0,4747,1
224,0,1,2323,1
127,0,0,3422,1
65,0,0,262,0
58,0,0,410,0
69,0,0,372,0
77,0,1,2190,1
64,0,0,150,0
161,0,0,4307,1
469,0,1,870,1
41,0,0,278,0
40,0,0,175,0
444,1,1,1999,1
410,0,0,1666,1
222,0,0,3097,1
52,0,0,316,0
28,0,0,309,0
474,1,1,4835,1
73,0,0,271,0
28,0,0,146,0
31,0,0,460,0
25,0,0,292,0
101,1,0,3030,1
73,0,0,450,0
48,0,0,341,0
24,0,0,293,0
53,0,0,173,0
115,1,0,4543,1
47,0,0,120,0
57,0,0,442,0
65,0,0,132,0
43,0,0,385,0
166,0,1,1603,1
244,0,0,4717,1
21,0,0,118,0
312,1,1,1125,1
12,0,0,290,0
35,0,0,314,0
60,0,0,4580,1
51,0,0,128,0
54,0,0,474,0
46,0,0,135,0
46,0,0,387,0
71,0,0,348,0
19,0,0,361,0
13,0,0,210,0
341,0,0,601,1
53,0,0,461,0
42,0,0,489,0
72,0,0,220,0
61,0,0,438,0
70,0,0,435,0
76,0,0,139,0
351,1,0,1028,1
44,0,0,249,0
65,0,0,110,0
65,0,0,115,0
49,0,0,322,0
179,1,1,3127,1
224,0,1,4279,1
337,1,1,3321,1
486,1,1,4458,1
78,0,0,141,0
14,0,0,181,0
295,0,0,2194,1
487,0,0,957,1
70,0,0,135,0
73,0,0,417,0
13,0,0,135,0
45,0,0,225,0
78,0,0,491,0
17,0,0,174,0
62,0,0,3173,1
138,1,1,2756,1
448,0,1,1166,1
41,0,0,186,0
38,0,0,290,0
119,0,0,3404,1
77,0,1,4512,1
497,0,0,2662,1
410,0,1,3264,1
45,0,0,440,0
67,0,0,280,0
448,0,1,4261,1
189,0,0,4798,1
51,0,0,305,0
151,1,1,1592,1
30,0,0,500,0
26,0,0,446,0
66,0,0,250,0
461,1,0,4714,1
22,0,0,286,0
56,0,0,187,0
366,1,1,2277,1
32,0,0,433,0
67,0,0,183,0
21,0,0,218,0
141,1,1,4347,1
212,1,1,2376,1
126,1,1,1775,1
30,0,0,337,0
76,0,0,334,0
14,0,0,361,0
46,0,0,333,0
362,1,1,3382,1
68,0,0,181,0
52,0,0,342,0
353,1,1,1523,1
21,0,0,146,0
36,0,0,414,0
35,0,0,185,0
35,0,0,180,0
37,0,0,475,0
80,0,0,172,0
11,0,0,249,0
46,0,0,137,0
13,0,0,423,0
77,0,0,228,0
49,0,0,320,0
40,0,0,252,0
46,0,0,452,0
57,0,0,441,0
37,0,0,168,0
27,0,0,282,0
54,0,0,493,0
34,0,0,152,0
12,0,0,255,0
10,0,0,113,0
46,0,0,463,0
19,0,0,106,0
63,0,0,128,0
212,1,1,2585,1
28,0,0,313,0
55,0,0,363,0
75,0,0,179,0
53,0,0,435,0
491,1,0,666,1
57,0,0,459,0
61,0,0,471,0
11,0,0,441,0
57,0,0,225,0
25,0,0,100,0
435,1,0,4111,1
394,0,1,3543,1
15,0,0,244,0
344,1,1,540,1
381,0,0,559,1
317,0,1,602,1
32,0,0,175,0
36,0,0,279,0
74,0,0,128,0
27,0,0,443,0
54,0,0,411,0
13,0,0,181,0
42,0,0,382,0
31,0,0,339,0
363,1,1,3479,1
230,1,1,1796,1
34,0,0,323,0
416,1,0,4155,1
18,0,0,103,0
46,0,0,180,0
59,0,0,444,0
42,0,0,486,0
27,0,0,470,0
78,0,0,329,0
16,0,0,415,0
63,0,0,411,0
70,0,0,437,0
53,0,0,479,0
53,0,0,448,0
14,0,0,293,0
47,0,0,179,0
51,0,0,277,0
430,1,0,3391,1
66,0,0,152,0
72,0,0,411,0
284,0,1,3985,1
11,0,0,362,0
32,0,0,304,0
422,0,1,4866,1
267,0,1,3481,1
332,1,1,1045,1
32,0,0,338,0
31,0,0,492,0
56,0,0,441,0
65,0,0,469,0
47,0,0,291,0
24,0,0,131,0
63,0,0,167,0
69,0,0,110,0
22,0,0,304,0
296,0,0,2717,1
57,0,0,4528,1
21,0,0,312,0
50,0,0,138,0
29,0,0,347,0
358,0,0,4774,1
28,0,0,405,0
54,0,0,479,0
55,0,0,315,0
342,0,1,2366,1
28,0,0,270,0
13,0,0,474,0
50,0,0,406,0
61,0,0,247,0
231,1,1,2867,1
77,0,0,432,0
79,0,0,482,0
19,0,0,489,0
140,0,1,2313,1
369,1,1,2141,1
19,0,0,391,0
65,0,0,467,0
385,1,1,3620,1
13,0,0,139,0
287,0,0,2177,1
41,0,0,195,0
80,0,0,418,0
51,0,0,433,0
71,0,0,198,0
469,1,0,4832,1
38,0,0,311,0
328,0,0,4802,1
63,0,0,466,0
75,0,0,489,0
19,0,0,265,0
56,0,0,431,0
309,1,0,3478,1
384,0,1,2388,1
433,0,1,4142,1
49,0,0,187,0
16,0,0,183,0
57,0,0,370,0
41,0,0,431,0
10,0,0,360,0
12,0,0,267,0
13,0,0,104,0
419,0,0,2550,1
307,0,0,1798,1
350,1,1,2793,1
42,0,0,378,0
46,0,0,335,0
39,0,0,462,0
25,0,0,396,0
55,0,0,266,0
34,0,0,420,0
67,0,0,134,0
68,0,0,486,0
54,0,0,265,0
77,0,0,182,0
41,0,0,134,0
190,1,1,1623,1
30,0,0,142,0
71,0,0,397,0
23,0,0,429,0
11,0,0,479,0
35,0,0,294,0
49,0,0,412,0
10,0,0,309,0
210,1,0,652,1
62,0,0,393,0
80,0,0,385,0
51,0,0,228,0
34,0,0,120,0
77,0,0,259,0
62,0,0,231,0
67,0,0,431,0
70,0,0,162,0
14,0,0,482,0
76,0,0,283,0
28,0,0,423,0
50,0,0,138,0
43,0,0,378,0
30,0,0,124,0
395,0,1,1403,1
53,0,0,171,0
29,0,0,195,0
69,0,0,292,0
85,0,1,2214,1
444,0,1,1520,1
341,1,0,2185,1
251,1,0,1731,1
48,0,0,278,0
80,0,0,217,0
39,0,0,342,0
57,0,0,315,0
11,0,0,301,0
187,1,1,2006,1
333,1,0,2283,1
10,0,0,448,0
54,0,0,107,0
70,0,0,244,0
72,0,0,481,0
156,0,0,4881,1
28,0,0,371,0
15,0,0,300,0
373,1,0,3123,1
73,0,0,310,0
370,1,0,3108,1
69,0,0,210,0
62,0,0,114,0
29,0,0,452,0
48,0,0,358,0
76,0,0,327,0
58,0,0,267,0
332,0,1,4751,1
16,0,0,360,0
76,0,0,103,0
33,0,0,499,0
64,0,0,472,0
74,0,0,450,0
12,0,0,340,0
77,0,0,410,0
80,0,1,1802,1
43,0,0,233,0
40,0,0,180,0
79,0,0,182,0
49,0,0,333,0
74,0,0,153,0
127,1,0,4359,1
321,1,0,2396,1
196,0,1,1303,1
67,0,0,408,0
141,1,1,4651,1
24,0,0,448,0
23,0,0,261,0
160,0,1,4291,1
67,0,0,386,0
40,0,0,180,0
30,0,0,298,0
18,0,0,466,0
65,0,0,121,0
12,0,0,294,0
36,0,0,317,0
58,0,0,181,0
434,0,1,4909,1
52,1,1,2168,1
72,0,0,101,0
61,1,0,2490,1
336,0,1,527,1
299,0,0,1330,1
10,0,0,258,0
27,0,0,197,0
15,0,0,230,0
87,0,1,2849,1
13,0,0,207,0
42,0,0,307,0
192,0,0,1041,1
70,0,0,113,0
73,0,0,274,0
79,0,0,302,0
478,1,1,3070,1
359,0,1,2995,1
62,0,0,302,0
126,1,0,4251,1
24,0,0,191,0
44,0,0,490,0
35,0,0,430,0
70,0,0,400,0
366,1,1,935,1
35,0,0,303,0
335,0,0,2909,1
284,0,1,515,1
45,0,0,117,0
18,0,0,476,0
61,0,0,133,0
14,0,0,175,0
451,1,1,3710,1
281,0,1,2060,1
259,1,1,2661,1
62,0,0,256,0
350,1,0,4982,1
18,0,0,165,0
62,0,1,4010,1
16,0,0,386,0
106,1,0,2579,1
40,0,0,287,0
178,1,1,1711,1
24,0,0,171,0
38,0,0,488,0
14,0,0,113,0
32,0,0,488,0
51,0,0,301,0
30,0,0,281,0
260,1,1,2120,1
73,0,0,463,0
21,0,0,215,0
51,0,0,123,0
36,0,0,425,0
370,1,1,736,1
19,0,0,332,0
338,0,1,906,1
41,0,0,399,0
62,0,0,289,0
304,1,1,4872,1
226,0,1,1843,1
39,0,0,437,0
23,0,0,419,0
15,0,0,364,0
240,1,0,941,1
54,0,0,139,0
53,0,0,490,0
87,1,1,3758,1
291,1,1,1992,1
427,1,0,4709,1
74,0,0,132,0
72,0,0,338,0
54,0,0,240,0
53,0,0,500,0
79,0,0,476,0
245,0,1,4429,1
70,0,0,471,0
70,0,0,422,0
398,0,0,2875,1
57,0,0,372,0
57,0,0,262,0
54,0,0,423,0
78,0,1,4607,1
28,0,0,320,0
77,0,0,213,0
32,0,0,422,0
35,0,0,401,0
445,1,1,3151,1
294,0,0,1640,1
13,0,0,152,0
16,0,0,286,0
77,0,0,308,0
72,0,0,433,0
71,0,0,316,0
79,0,0,455,0
27,0,0,374,0
152,0,0,4783,1
22,0,0,346,0
73,0,0,193,0
496,0,0,592,1
80,0,0,267,0
29,0,0,125,0
66,0,0,303,0
200,0,0,1608,1
45,0,0,182,0
60,0,0,197,0
78,0,0,297,0
16,0,0,343,0
73,0,0,227,0
159,0,1,4138,1
17,0,0,212,0
10,0,0,209,0
34,0,0,486,0
44,0,0,453,0
67,0,0,389,0
49,0,0,158,0
97,1,1,3999,1
305,1,0,577,1
21,0,0,436,0
56,0,0,179,0
239,1,1,1408,1
69,0,0,178,0
16,0,0,246,0
43,0,0,225,0
342,1,0,1402,1
74,0,0,234,0
356,0,1,3042,1
87,1,0,1241,1
40,0,0,153,0
68,0,0,499,0
169,1,1,2463,1
56,0,0,462,0
29,0,0,471,0
26,0,0,372,0
293,0,0,2980,1
78,0,0,251,0
52,0,0,129,0
408,0,0,923,1
58,0,0,377,0
21,0,0,450,0
58,0,0,336,0
50,0,0,441,0
68,0,0,484,0
15,0,0,218,0
47,0,0,227,0
32,0,0,362,0
68,0,0,473,0
356,0,0,3363,1
71,0,0,118,0
69,0,0,438,0
106,0,1,1642,1
68,0,0,301,0
34,0,0,188,0
46,0,0,242,0
45,0,0,296,0
24,0,0,216,0
243,1,0,2571,1
21,0,0,473,0
32,0,0,483,0
15,0,0,211,0
57,0,0,189,0
68,0,0,228,0
61,0,0,397,0
183,0,1,2628,1
41,0,0,352,0
34,0,0,225,0
62,0,0,246,0
39,0,0,172,0
37,0,0,267,0
66,0,0,458,0
42,0,0,289,0
66,0,0,438,0
67,0,0,348,0
32,0,0,245,0
55,1,1,3098,1
54,0,0,174,0
16,0,0,262,0
390,0,0,3340,1
96,0,1,1283,1
76,0,0,314,0
33,0,0,175,0
14,0,0,287,0
222,0,0,737,1
68,0,0,360,0
389,0,1,4939,1
69,0,0,205,0
74,0,0,195,0
393,0,1,2842,1
60,0,0,398,0
80,0,0,369,0
14,0,0,239,0
37,0,0,431,0
33,0,0,409,0
79,0,0,423,0
46,0,0,298,0
26,0,0,327,0
55,0,0,3335,1
71,0,0,402,0
62,0,0,262,0
12,0,0,167,0
18,0,0,294,0
175,1,0,791,1
65,0,0,127,0
54,0,0,157,0
19,0,0,311,0
107,1,0,4463,1
61,0,0,139,0
52,0,0,213,0
80,0,1,1762,1
10,0,0,282,0
213,0,1,4481,1
16,0,0,476,0
287,0,1,3998,1
42,0,0,327,0
42,0,0,259,0
56,0,0,208,0
157,1,1,3959,1
43,0,0,289,0
211,0,1,4853,1
46,0,0,322,0
46,0,0,369,0
49,0,0,124,0
323,1,1,1422,1
220,1,0,4544,1
303,0,1,4962,1
11,0,0,355,0
487,1,1,1762,1
30,0,0,463,0
70,0,0,437,0
333,1,0,3540,1
404,0,1,1369,1
361,0,1,2199,1
20,0,0,295,0
12,0,0,249,0
67,0,0,426,0
74,0,0,352,0
447,1,0,1790,1
205,1,1,4524,1
76,0,0,119,0
62,0,0,414,0
201,1,0,3994,1
489,1,0,3650,1
50,0,0,103,0
10,0,0,456,0
26,0,0,151,0
14,0,0,320,0
32,0,0,152,0
57,0,0,223,0
72,0,0,400,0
30,0,0,388,0
27,0,0,231,0
55,0,0,231,0
16,0,0,182,0
25,0,0,456,0
409,1,0,4758,1
49,0,0,118,0
458,1,1,4405,1
40,0,0,494,0
12,0,0,414,0
64,0,0,101,0
45,0,0,475,0
193,0,0,4810,1
73,0,0,122,0
78,0,0,372,0
44,0,0,279,0
59,0,0,329,0
490,1,1,2970,1
43,0,0,324,0
32,0,0,218,0
28,0,0,470,0
13,0,0,381,0
13,0,0,160,0
306,1,1,1815,1
197,1,0,2441,1
17,0,0,267,0
64,0,0,323,0
76,0,0,341,0
76,0,0,287,0
15,0,0,138,0
36,0,0,415,0
15,0,0,237,0
55,0,0,206,0
44,0,0,114,0
52,0,0,320,0
47,0,0,348,0
67,0,0,336,0
225,0,0,1890,1
36,0,0,191,0
366,0,0,2199,1
14,0,0,133,0
416,1,1,3763,1
332,1,1,3944,1
39,0,0,480,0
44,0,0,186,0
387,0,0,4224,1
61,0,0,452,0
54,0,0,397,0
17,0,0,499,0
62,0,0,147,0
308,1,0,1216,1
70,0,0,261,0
68,1,1,3959,1
37,0,0,220,0
43,0,0,254,0
78,0,0,422,0
29,0,0,223,0
16,0,0,177,0
13,0,0,357,0
39,0,0,122,0
60,0,0,167,0
39,0,0,445,0
388,0,0,4460,1
48,0,0,343,0
306,0,0,4167,1
40,0,0,422,0
13,0,0,429,0
11,0,0,214,0
12,0,0,102,0
19,0,0,432,0
32,0,0,270,0
251,0,1,1435,1
39,0,0,183,0
104,1,1,3134,1
18,0,0,447,0
27,0,0,357,0
46,0,0,210,0
74,0,0,326,0
208,0,1,3859,1
260,0,1,3540,1
44,0,0,203,0
352,1,1,589,1
12,0,0,236,0
473,1,1,4584,1
20,0,0,178,0
110,1,1,2213,1
12,0,0,460,0
23,0,0,364,0
387,1,1,897,1
455,1,1,893,1
34,0,0,413,0
33,0,0,268,0
64,0,0,160,0
53,0,0,397,0
56,0,0,483,0
53,0,0,203,0
25,0,0,304,0
68,0,0,306,0
234,0,0,530,1
40,0,0,485,0
18,0,0,430,0
311,1,1,2918,1
42,0,0,374,0
54,0,0,279,0
67,0,0,463,0
47,0,0,200,0
441,0,1,2107,1
60,0,0,239,0
43,0,0,382,0
64,0,0,303,0
456,1,1,2960,1
65,0,0,191,0
497,1,0,3676,1
85,0,0,3782,1
99,1,0,4787,1
187,1,0,1292,1
364,0,0,4610,1
488,0,0,704,1
177,1,1,1732,1
391,1,0,1660,1
409,0,0,2299,1
33,0,0,473,0
174,0,1,1763,1
69,0,0,448,0
333,1,1,2392,1
19,0,0,258,0
40,0,0,375,0
40,0,0,140,0
380,0,0,525,1
211,1,1,2557,1
70,0,1,633,1
34,0,0,149,0
190,0,1,4901,1
458,0,1,1115,1
73,0,0,4204,1
66,0,0,184,0
15,0,0,124,0
52,0,0,238,0
48,0,0,303,0
204,1,1,1691,1
245,1,1,514,1
57,0,0,240,0
23,0,0,242,0
38,0,0,235,0
270,1,0,2147,1
60,0,0,425,0
59,0,0,434,0
136,0,1,4486,1
19,0,0,177,0
37,0,0,435,0
15,0,0,392,0
29,0,0,206,0
42,0,0,230,0
71,0,0,204,0
43,0,0,359,0
77,0,0,371,0
36,0,0,304,0
47,0,0,277,0
59,0,0,341,0
35,0,0,498,0
23,0,0,255,0
19,0,0,196,0
51,0,0,204,0
42,0,0,212,0
434,0,1,3766,1
74,0,0,215,0
41,0,0,308,0
444,1,1,3008,1
31,0,0,283,0
41,0,0,373,0
40,0,0,345,0
425,0,0,1257,1
18,0,0,232,0
388,1,1,2275,1
20,0,0,360,0
362,1,1,1984,1
43,0,0,278,0
496,1,1,1031,1
14,0,0,142,0
17,0,0,479,0
57,0,0,2452,1
61,0,0,164,0
438,1,0,1718,1
50,0,0,341,0
80,0,0,192,0
57,0,0,108,0
155,0,0,4701,1
65,0,0,331,0
18,0,0,416,0
14,0,0,109,0
453,0,1,3455,1
71,0,0,188,0
134,1,1,3177,1
206,0,1,1905,1
29,0,0,312,0
25,0,0,262,0
127,1,1,1909,1
12,0,0,265,0
69,0,0,478,0
334,1,1,2045,1
439,1,0,1898,1
12,0,0,264,0
37,0,0,171,0
321,1,1,710,1
369,0,0,3934,1
72,0,0,495,0
68,0,0,300,0
59,0,0,386,0
39,0,0,146,0
55,0,0,479,0
497,0,0,834,1
258,1,1,2522,1
64,0,0,319,0
30,0,0,359,0
12,0,0,381,0
36,0,0,126,0
126,0,0,4588,1
457,0,0,2432,1
477,1,1,3577,1
484,1,0,738,1
66,0,0,339,0
479,0,1,1985,1
62,0,0,275,0
22,0,0,382,0
46,0,0,227,0
18,0,0,189,0
55,0,0,346,0
60,0,0,154,0
49,0,0,418,0
71,0,0,330,0
35,0,0,156,0
20,0,0,371,0
53,0,0,378,0
31,0,0,135,0
35,0,0,178,0
73,0,0,157,0
59,0,0,443,0
46,0,0,400,0
22,0,0,303,0
147,0,0,2900,1
35,0,0,455,0
68,0,0,426,0
77,0,0,160,0
195,0,1,1319,1
50,0,0,142,0
14,0,0,320,0
18,0,0,435,0
10,0,0,119,0
34,0,0,344,0
79,0,0,347,0
257,0,0,4340,1
53,0,0,205,0
118,1,0,3743,1
73,0,0,415,0
33,0,0,232,0
391,1,0,1389,1
36,0,0,479,0
62,0,0,102,0
473,0,1,3477,1
131,0,0,4171,1
38,0,0,472,0
457,1,1,1560,1
18,0,0,439,0
57,0,0,377,0
16,0,0,215,0
66,0,0,180,0
45,0,0,338,0
332,1,1,4092,1
46,0,0,415,0
19,0,0,402,0
77,0,0,124,0
23,0,0,147,0
57,0,0,447,0
383,0,0,2474,1
460,1,1,2977,1
13,0,0,138,0
391,0,0,2462,1
63,0,0,335,0
62,0,0,152,0
68,0,0,200,0
80,0,0,184,0
169,0,1,1253,1
263,0,1,1392,1
72,0,0,406,0
12,0,0,137,0
48,0,0,362,0
53,0,0,463,0
53,0,0,459,0
21,0,0,465,0
442,1,1,4066,1
17,0,0,135,0
248,0,1,4453,1
65,0,0,209,0
68,0,0,455,0
74,0,0,328,0
107,1,0,1474,1
70,0,1,2890,1
52,0,0,273,0
385,0,0,2806,1
42,0,0,290,0
210,0,1,3467,1
125,1,0,3249,1
50,0,0,150,0
45,0,0,282,0
10,0,0,483,0
30,0,0,290,0
59,0,0,185,0
35,0,0,140,0
45,0,0,425,0
99,0,0,575,1
23,0,0,352,0
41,0,0,124,0
50,0,0,350,0
64,0,0,236,0
84,0,1,1984,1
77,0,0,371,0
304,0,1,3470,1
84,1,1,4306,1
247,1,1,3962,1
452,0,0,3479,1
31,0,0,137,0
18,0,0,219,0
247,1,1,2902,1
21,0,0,473,0
65,0,0,428,0
75,0,1,3835,1
143,0,0,3804,1
29,0,0,348,0
208,1,0,1208,1
76,0,0,310,0
488,0,1,1921,1
19,0,0,416,0
56,0,0,100,0
31,0,0,399,0
20,0,0,342,0
117,0,0,2431,1
54,0,0,184,0
300,0,0,2237,1
73,0,0,451,0
126,0,0,3117,1
55,0,0,254,0
447,1,1,3895,1
77,0,0,129,0
37,0,0,320,0
11,0,0,279,0
135,1,1,2810,1
26,0,0,375,0
47,0,0,235,0
350,0,1,669,1
65,0,0,235,0
50,0,0,414,0
180,0,1,2822,1
42,0,0,197,0
185,1,1,2764,1
32,0,0,116,0
45,0,0,102,0
39,0,0,275,0
24,0,0,352,0
11,0,0,327,0
77,0,0,213,0
383,1,1,3610,1
92,1,1,4709,1
468,0,1,4097,1
63,0,0,132,0
133,0,0,3801,1
46,0,0,428,0
68,0,1,3983,1
32,0,0,401,0
51,0,0,460,0
59,0,0,436,0
80,0,0,180,0
47,0,0,183,0
180,1,1,4614,1
11,0,0,432,0
30,0,0,278,0
106,0,0,4122,1
341,1,1,1195,1
31,0,0,184,0
54,0,0,216,0
176,1,0,2670,1
203,0,0,866,1
201,0,1,4932,1
74,0,0,423,0
421,0,1,1874,1
62,0,0,433,0
463,1,0,4026,1
10,0,0,266,0
56,0,0,128,0
80,0,0,283,0
65,0,0,387,0
243,0,0,4792,1
79,0,0,107,0
75,0,0,240,0
276,0,1,4954,1
38,0,0,269,0
460,1,0,2024,1
41,0,0,417,0
109,0,0,3969,1
71,0,0,411,0
206,1,1,3426,1
54,0,0,270,0
76,1,1,803,1
56,0,0,242,0
28,0,0,281,0
61,0,0,153,0
61,0,0,254,0
24,0,0,309,0
353,1,0,546,1
89,1,1,1461,1
53,0,0,2514,1
73,0,0,148,0
19,0,0,104,0
75,0,0,399,0
31,0,0,169,0
459,0,1,4762,1
75,0,0,308,0
391,0,0,2387,1
465,1,1,2460,1
13,0,0,112,0
60,0,0,225,0
287,1,1,2215,1
30,0,0,299,0
47,0,0,290,0
143,1,0,4383,1
70,0,0,134,0
51,0,0,112,0
295,1,1,2461,1
12,0,0,390,0
72,0,0,188,0
39,0,0,129,0
395,1,1,4761,1
158,0,0,1812,1
74,0,0,482,0
166,0,0,1237,1
39,0,0,373,0
59,0,0,235,0
47,0,0,143,0
103,1,0,3459,1
34,0,0,375,0
31,0,0,473,0
11,0,0,137,0
12,0,0,358,0
43,0,0,415,0
56,0,0,284,0
498,0,0,4485,1
23,0,0,355,0
47,0,0,115,0
264,0,1,3708,1
54,0,0,180,0
61,0,0,352,0
63,0,0,362,0
11,0,0,216,0
59,0,0,421,0
25,0,0,284,0
31,0,0,338,0
75,0,0,327,0
413,0,0,4517,1
187,0,1,4177,1
33,0,0,462,0
430,1,1,4957,1
63,0,0,173,0
48,0,0,398,0
36,0,0,329,0
64,0,0,344,0
67,0,0,475,0
41,0,0,284,0
406,0,1,838,1
74,0,0,423,0
43,0,0,367,0
64,0,0,441,0
72,0,0,428,0
28,0,0,272,0
52,0,0,186,0
61,0,0,310,0
394,1,0,3436,1
206,1,0,3753,1
80,0,0,144,0
287,0,1,4699,1
39,0,0,479,0
394,0,0,4548,1
220,0,0,2128,1
426,1,1,4308,1
35,0,0,119,0
235,0,1,3497,1
27,0,0,303,0
369,1,0,2538,1
71,0,0,263,0
255,1,1,2853,1
413,1,1,2304,1
256,1,1,2472,1
36,0,0,223,0
60,0,0,345,0
23,0,0,136,0
41,0,0,386,0
55,0,0,245,0
13,0,0,356,0
14,0,0,435,0
29,0,0,299,0
57,0,0,411,0
32,0,0,280,0
11,0,0,246,0
61,0,0,153,0
45,0,0,383,0
34,0,0,136,0
18,0,0,437,0
148,1,1,1141,1
61,0,0,120,0
25,0,0,111,0
62,0,0,302,0
435,1,1,3894,1
167,1,0,2836,1
63,0,0,483,0
26,0,0,148,0
75,0,0,381,0
31,0,0,468,0
74,0,0,482,0
15,0,0,480,0
70,0,0,452,0
360,1,0,3827,1
14,0,0,358,0
15,0,0,289,0
31,0,0,466,0
26,0,0,389,0
234,1,0,3075,1
47,0,0,353,0
85,0,0,3428,1
35,0,0,363,0
80,0,0,238,0
396,0,0,1418,1
28,0,0,322,0
68,0,0,291,0
19,0,0,203,0
42,0,0,309,0
77,0,0,171,0
58,0,0,272,0
326,0,0,4489,1
14,0,0,235,0
31,0,0,356,0
68,0,0,451,0
355,1,1,3653,1
65,0,0,187,0
61,0,0,474,0
16,0,0,416,0
73,0,0,140,0
32,0,0,388,0
42,0,0,488,0
50,0,0,487,0
19,0,0,200,0
69,0,0,181,0
66,0,0,470,0
134,0,0,4557,1
241,1,1,4876,1
58,0,0,208,0
72,0,0,425,0
32,0,0,178,0
20,0,0,433,0
46,0,0,463,0
79,0,0,481,0
233,1,1,3451,1
355,0,0,934,1
18,0,0,263,0
28,0,0,337,0
320,0,1,1640,1
247,1,1,1791,1
361,1,1,3250,1
45,0,0,453,0
152,1,1,2019,1
78,0,0,446,0
25,0,0,365,0
254,0,0,3222,1
69,0,0,380,0
61,0,0,336,0
116,1,0,4252,1
16,0,0,326,0
14,0,0,498,0
16,0,0,377,0
52,0,0,409,0
497,1,1,1776,1
54,0,0,140,0
35,0,0,298,0
30,0,0,306,0
67,0,0,396,0
21,0,0,488,0
383,0,0,2886,1
54,0,0,385,0
52,0,0,405,0
352,1,0,3549,1
44,0,0,466,0
46,0,0,429,0
48,0,0,372,0
373,0,1,4996,1
428,0,1,4179,1
219,1,1,3474,1
34,0,0,208,0
16,0,0,185,0
57,0,0,210,0
52,0,0,262,0
54,0,0,370,0
66,0,0,407,0
50,0,0,352,0
52,0,0,472,0
55,0,0,372,0
498,0,1,1224,1
13,0,0,111,0
74,0,0,131,0
11,0,0,449,0
137,1,0,691,1
77,0,0,324,0
76,0,0,328,0
67,0,0,351,0
24,0,0,139,0
54,0,1,4883,1
56,0,0,370,0
75,0,0,243,0
29,0,0,395,0
17,0,0,363,0
52,0,0,424,0
46,0,0,109,0
23,0,0,475,0
256,1,1,4334,1
26,0,0,359,0
76,0,0,467,0
130,0,0,4602,1
62,0,0,189,0
74,0,0,1565,1
71,0,0,143,0
173,1,1,2584,1
31,0,0,278,0
22,0,0,272,0
35,0,0,339,0
43,0,0,223,0
38,0,0,238,0
484,0,0,4889,1
42,0,0,270,0
47,0,0,289,0
241,0,0,3019,1
22,0,0,188,0
63,0,0,412,0
13,0,0,295,0
20,0,0,358,0
210,1,1,3947,1
21,0,0,372,0
21,0,0,161,0
109,0,1,3321,1
62,0,0,183,0
314,1,1,3301,1
53,0,0,333,0
29,0,0,429,0
16,0,0,259,0
41,0,0,348,0
82,0,0,2274,1
45,0,0,413,0
288,0,1,3007,1
28,0,0,156,0
31,0,0,461,0
33,0,0,452,0
62,0,0,422,0
67,1,1,3771,1
73,0,0,339,0
483,0,1,3712,1
63,0,0,120,0
37,0,0,192,0
59,0,0,223,0
33,0,0,439,0
33,0,0,218,0
182,1,1,1438,1
307,0,0,811,1
337,0,0,1163,1
58,0,0,226,0
37,0,0,160,0
108,0,0,4423,1
288,0,1,3309,1
13,0,0,482,0
28,0,0,254,0
34,0,0,380,0
68,0,0,261,0
23,0,0,122,0
325,1,0,1994,1
17,0,0,128,0
350,1,1,3424,1
37,0,0,209,0
23,0,0,438,0
78,0,0,452,0
55,1,0,1572,1
47,0,0,221,0
69,0,0,459,0
25,0,0,314,0
25,0,0,206,0
41,0,0,101,0
50,0,0,445,0
77,0,0,302,0
11,0,0,350,0
75,0,0,417,0
173,1,1,3935,1
351,1,1,1414,1
49,0,0,322,0
335,1,0,4408,1
39,0,0,163,0
227,0,0,4359,1
118,1,1,685,1
79,0,0,3267,1
23,0,0,451,0
40,0,0,196,0
63,0,0,250,0
30,0,0,359,0
317,0,0,835,1
47,0,0,326,0
78,0,0,256,0
50,0,0,1526,1
56,0,1,1031,1
46,0,0,336,0
218,0,0,2575,1
241,1,0,1986,1
35,0,0,288,0
305,1,0,4904,1
378,1,0,1764,1
135,1,1,1649,1
26,0,0,169,0
37,0,0,487,0
72,0,0,329,0
62,0,0,178,0
445,1,1,1668,1
62,0,0,311,0
59,0,0,495,0
75,0,0,376,0
149,0,1,2775,1
488,1,0,2473,1
34,0,0,355,0
41,0,0,392,0
61,0,0,463,0
32,0,0,213,0
67,0,0,4028,1
11,0,0,171,0
41,0,0,382,0
11,0,0,337,0
45,0,0,225,0
42,0,0,127,0
122,1,1,4341,1
442,0,0,1938,1
79,0,0,185,0
42,0,0,405,0
388,0,1,741,1
240,1,1,2507,1
33,0,0,160,0
36,0,0,341,0
57,1,1,3729,1
72,0,0,341,0
62,0,0,354,0
31,0,0,499,0
131,0,0,3124,1
70,0,0,307,0
432,0,1,3725,1
30,0,0,480,0
270,1,1,1425,1
39,0,0,153,0
32,0,0,447,0
465,0,0,4033,1
250,0,1,2230,1
19,0,0,126,0
380,0,0,1753,1
66,0,0,341,0
420,1,1,2973,1
14,0,0,165,0
466,1,1,516,1
223,0,1,3244,1
44,0,0,269,0
47,0,0,319,0
70,0,0,344,0
23,0,0,363,0
57,0,0,324,0
74,0,0,136,0
130,1,0,2638,1
11,0,0,397,0
72,0,0,270,0
25,0,0,247,0
112,0,0,3389,1
16,0,0,299,0
399,1,0,4828,1
36,0,0,431,0
68,0,0,254,0
47,0,0,295,0
394,1,0,2218,1
51,0,0,241,0
30,0,0,249,0
46,0,0,445,0
56,0,0,360,0
33,0,0,410,0
20,0,0,323,0
80,0,0,390,0
28,0,0,171,0
46,0,0,131,0
49,0,0,254,0
14,0,0,491,0
428,1,1,884,1
413,0,0,3625,1
67,0,0,148,0
65,0,0,481,0
46,0,0,186,0
19,0,0,369,0
26,0,0,120,0
45,0,0,117,0
59,0,0,323,0
371,0,1,1245,1
77,0,0,320,0
38,0,0,229,0
29,0,0,299,0
24,0,0,439,0
59,0,0,221,0
38,0,0,385,0
20,0,0,302,0
23,0,0,346,0
132,0,1,781,1
189,1,1,2481,1
62,0,0,196,0
79,0,0,353,0
64,0,0,455,0
21,0,0,221,0
54,0,0,156,0
399,1,1,1261,1
57,0,0,200,0
22,0,0,189,0
66,0,0,171,0
66,0,0,399,0
26,0,0,299,0
18,0,0,482,0
26,0,0,322,0
384,0,1,3841,1
35,0,0,372,0
45,0,0,380,0
47,0,0,225,0
333,0,1,1665,1
74,0,0,478,0
369,0,0,1454,1
23,0,0,218,0
439,0,1,3035,1
35,0,0,488,0
271,1,0,3857,1
21,0,0,465,0
39,0,0,328,0
209,1,0,4119,1
32,0,0,340,0
80,0,0,459,0
15,0,0,483,0
18,0,0,117,0
48,0,0,400,0
48,0,0,264,0
29,0,0,369,0
33,0,0,142,0
316,1,1,1201,1
20,0,0,297,0
23,0,0,422,0
74,0,0,288,0
19,0,0,258,0
481,0,0,2486,1
25,0,0,419,0
35,0,0,219,0
72,0,0,284,0
12,0,0,172,0
62,0,0,113,0
53,0,0,200,0
71,0,0,233,0
77,0,0,258,0
44,0,0,472,0
31,0,0,396,0
63,0,0,446,0
54,0,0,268,0
38,0,0,431,0
37,0,0,169,0
79,0,0,346,0
10,0,0,475,0
74,0,0,228,0
37,0,0,184,0
309,1,1,1265,1
27,0,0,210,0
420,1,0,3288,1
32,0,0,454,0
30,0,0,493,0
71,0,0,273,0
33,0,0,349,0
63,0,0,349,0
446,1,1,736,1
27,0,0,177,0
233,0,0,983,1
78,0,0,153,0
65,0,0,405,0
428,0,1,4625,1
60,0,0,339,0
406,1,0,2149,1
17,0,0,270,0
31,0,0,151,0
64,0,0,472,0
499,1,0,2109,1
22,0,0,403,0
481,1,0,3778,1
78,0,0,490,0
368,0,1,2575,1
476,1,1,1161,1
12,0,0,331,0
75,0,0,152,0
184,0,1,3957,1
287,0,0,4308,1
331,0,1,3621,1
63,0,0,193,0
47,0,0,174,0
23,0,0,232,0
71,0,0,212,0
64,0,0,118,0
76,0,0,468,0
272,0,0,1260,1
36,0,0,297,0
55,0,0,322,0
54,0,0,196,0
123,1,0,4380,1
93,1,1,2490,1
31,0,0,432,0
46,0,0,128,0
44,0,0,337,0
51,0,0,187,0
351,1,1,1339,1
68,0,0,355,0
17,0,0,369,0
23,0,0,105,0
57,0,0,265,0
61,0,0,467,0
35,0,0,285,0
81,0,0,4971,1
261,1,0,2675,1
33,0,0,380,0
268,1,1,508,1
77,0,0,193,0
66,0,0,330,0
19,0,0,314,0
498,0,1,3170,1
28,0,0,341,0
112,1,0,3561,1
63,0,0,250,0
67,0,0,480,0
394,0,1,2067,1
49,0,0,220,0
77,0,0,285,0
34,0,0,154,0
10,0,0,409,0
13,0,0,261,0
191,0,0,2214,1
78,0,0,129,0
78,0,0,258,0
47,0,0,487,0
24,0,0,378,0
32,0,0,495,0
362,1,0,2506,1
25,0,0,270,0
13,0,0,120,0
29,0,0,134,0
386,0,1,3115,1
60,0,0,318,0
36,0,0,165,0
25,0,0,221,0
260,1,1,2712,1
61,0,0,398,0
348,1,1,4303,1
479,0,0,686,1
41,0,0,352,0
150,1,1,2942,1
33,0,0,337,0
21,0,0,320,0
79,1,1,1892,1
48,0,0,267,0
31,0,0,228,0
165,1,0,3988,1
78,0,0,186,0
59,0,0,434,0
20,0,0,497,0
37,0,0,327,0
24,0,0,397,0
231,0,1,4267,1
32,0,0,380,0
77,0,0,189,0
37,0,0,299,0
74,0,0,240,0
70,0,0,463,0
13,0,0,148,0
313,0,0,2900,1
15,0,0,437,0
51,0,0,160,0
422,1,1,3921,1
20,0,0,299,0
24,0,0,334,0
57,0,0,184,0
419,0,0,3494,1
79,0,0,197,0
280,1,1,2618,1
63,0,0,159,0
40,0,0,391,0
63,0,0,417,0
446,1,0,1097,1
70,0,0,181,0
23,0,0,320,0
115,1,0,1678,1
42,0,0,351,0
41,0,0,202,0
56,0,0,162,0
11,0,0,156,0
79,0,0,330,0
492,0,0,4519,1
43,0,0,227,0
108,0,1,3728,1
390,1,0,2157,1
72,0,0,105,0
44,0,0,406,0
52,0,0,235,0
322,1,1,2957,1
68,0,0,155,0
308,0,1,2113,1
61,0,0,168,0
69,0,0,293,0
43,0,0,107,0
63,0,0,278,0
340,1,1,1361,1
33,0,0,190,0
238,0,0,4667,1
415,1,1,3073,1
40,0,0,472,0
58,0,0,121,0
28,0,0,311,0
141,1,0,3424,1
419,0,0,517,1
49,0,0,350,0
80,0,0,213,0
52,0,0,359,0
221,1,0,4113,1
67,0,0,259,0
44,0,0,241,0
370,0,0,1531,1
477,1,1,4437,1
448,0,1,1674,1
56,0,0,274,0
13,0,0,297,0
70,0,0,221,0
74,0,0,372,0
63,0,0,137,0
302,0,1,3077,1
62,0,0,450,0
53,1,0,4646,1
34,0,0,421,0
258,1,1,2025,1
30,0,0,327,0
121,0,0,1416,1
176,1,0,3892,1
13,0,0,244,0
78,0,0,327,0
46,0,0,307,0
287,0,1,3545,1
38,0,0,334,0
43,0,0,234,0
71,0,0,469,0
43,0,0,234,0
11,0,0,256,0
161,1,0,1108,1
122,0,1,4259,1
21,0,0,346,0
472,0,1,2790,1
14,0,0,195,0
278,0,1,1980,1
20,0,0,227,0
13,0,0,275,0
11,0,0,318,0
65,0,0,398,0
55,0,0,361,0
21,0,0,125,0
79,0,0,493,0
460,0,1,1906,1
51,0,0,203,0
53,0,0,267,0
52,0,0,486,0
12,0,0,366,0
215,0,0,1992,1
447,1,1,983,1
64,0,0,333,0
78,0,0,269,0
25,0,0,439,0
67,1,1,3280,1
14,0,0,309,0
32,0,0,488,0
58,0,0,328,0
264,1,0,2960,1
31,0,0,302,0
33,0,0,301,0
40,0,0,449,0
15,0,0,145,0
10,0,0,358,0
26,0,0,321,0
56,0,0,474,0
45,0,0,131,0
393,1,0,4695,1
35,0,0,131,0
428,0,1,2648,1
30,0,0,475,0
441,1,1,3571,1
19,0,0,432,0
35,0,0,430,0
72,0,0,385,0
20,0,0,312,0
34,0,0,462,0
21,0,0,127,0
318,1,0,2560,1
59,0,0,344,0
47,0,0,476,0
74,0,0,122,0
28,0,0,437,0
25,0,0,474,0
38,0,0,160,0
212,0,1,3080,1
449,0,0,1715,1
35,0,0,292,0
231,0,0,1643,1
55,0,0,460,0
19,0,0,427,0
45,0,0,260,0
11,0,0,452,0
358,0,1,4870,1
22,0,0,421,0
57,0,0,123,0
51,0,0,357,0
48,0,0,333,0
405,1,1,1590,1
362,0,1,1088,1
73,0,0,406,0
83,1,1,1048,1
53,0,0,341,0
29,0,0,269,0
46,0,0,232,0
403,1,1,4991,1
24,0,0,126,0
45,0,0,392,0
38,0,0,495,0
72,0,0,161,0
45,0,0,154,0
70,0,0,159,0
47,0,0,367,0
18,0,0,284,0
51,1,1,4769,1
68,0,0,387,0
33,0,0,301,0
11,0,0,116,0
68,0,0,208,0
62,0,0,121,0
27,0,0,141,0
63,1,0,1389,1
23,0,0,322,0
37,0,0,221,0
206,1,1,2974,1
71,0,0,232,0
205,0,0,4007,1
77,0,0,492,0
120,0,0,951,1
25,0,0,495,0
50,0,0,203,0
74,0,0,314,0
118,0,0,3387,1
110,0,0,3152,1
55,0,0,129,0
39,0,0,453,0
50,0,1,3434,1
14,0,0,337,0
14,0,0,348,0
325,0,0,4320,1
396,0,0,1553,1
54,0,0,150,0
20,0,0,474,0
39,0,0,279,0
34,0,0,489,0
20,0,0,187,0
455,0,0,4810,1
32,0,0,161,0
20,0,0,326,0
58,0,0,419,0
30,0,0,314,0
55,0,0,378,0
56,0,0,417,0
57,0,0,293,0
69,1,0,2995,1
439,0,1,4771,1
34,0,0,338,0
73,0,0,348,0
69,0,0,498,0
22,0,0,357,0
20,0,0,403,0
20,0,0,367,0
52,0,0,472,0
66,0,0,188,0
36,0,0,348,0
314,1,0,2464,1
93,1,1,625,1
49,0,0,449,0
19,0,0,114,0
461,0,1,936,1
24,0,0,293,0
19,0,0,379,0
38,0,0,302,0
52,0,0,119,0
23,0,0,261,0
71,0,0,465,0
42,0,0,371,0
29,0,0,387,0
56,0,0,283,0
53,0,0,124,0
37,0,0,380,0
458,1,1,1322,1
425,1,1,2369,1
71,0,0,237,0
64,0,0,347,0
33,0,0,483,0
17,0,0,451,0
34,0,0,475,0
28,0,0,132,0
40,0,0,105,0
58,0,0,379,0
13,0,0,263,0
56,0,0,197,0
221,0,0,2788,1
71,0,0,261,0
59,0,0,238,0
56,0,0,153,0
56,0,0,112,0
38,0,0,188,0
43,0,0,463,0
478,1,0,4541,1
191,0,1,4031,1
53,0,0,310,0
59,0,0,222,0
418,0,0,589,1
463,1,1,4402,1
22,0,0,453,0
73,0,0,452,0
31,0,0,324,0
364,0,1,3429,1
46,0,0,219,0
69,0,0,480,0
55,0,0,483,0
73,0,0,376,0
455,1,1,3555,1
45,0,0,473,0
33,0,0,392,0
345,1,1,3575,1
208,1,0,2518,1
66,0,0,329,0
21,0,0,490,0
28,0,0,419,0
79,0,0,293,0
25,0,0,275,0
500,0,0,2727,1
262,0,1,4757,1
66,0,0,420,0
434,1,1,4791,1
55,0,0,210,0
76,0,0,353,0
62,0,0,423,0
257,0,1,2788,1
19,0,0,313,0
191,0,0,3542,1
282,1,0,3893,1
42,0,0,340,0
45,0,0,196,0
52,0,0,304,0
75,0,0,150,0
22,0,0,268,0
52,0,0,206,0
53,0,0,363,0
295,1,1,2218,1
67,0,0,470,0
57,0,0,398,0
60,0,0,146,0
290,1,0,3697,1
79,0,0,354,0
21,0,0,469,0
32,0,0,399,0
444,0,0,599,1
49,0,0,462,0
36,0,0,176,0
34,0,0,405,0
18,0,0,485,0
71,0,0,475,0
43,0,0,428,0
75,0,0,126,0
347,1,1,818,1
56,0,0,255,0
57,0,0,359,0
223,0,0,4467,1
323,0,1,1456,1
207,1,1,3203,1
38,0,0,221,0
348,1,1,2602,1
75,0,0,422,0
296,0,0,4389,1
70,0,0,132,0
263,0,1,726,1
454,0,1,654,1
80,0,0,208,0
496,1,1,1694,1
96,1,1,655,1
41,0,0,323,0
65,0,0,126,0
463,0,1,3688,1
56,0,0,127,0
12,0,0,442,0
11,0,0,368,0
330,0,0,2060,1
66,1,1,4056,1
16,0,0,319,0
58,0,0,287,0
31,0,0,313,0
26,0,0,140,0
118,0,0,1523,1
316,0,0,2176,1
29,0,0,296,0
63,0,0,348,0
367,0,0,4190,1
51,0,0,487,0
286,0,1,4495,1
278,1,0,2231,1
48,0,0,461,0
283,0,0,1976,1
352,1,1,1714,1
70,0,0,182,0
21,0,0,108,0
79,0,0,4654,1
50,0,0,293,0
52,0,0,302,0
493,1,1,3984,1
36,0,0,219,0
19,0,0,136,0
449,0,0,1264,1
20,0,0,226,0
361,0,1,2021,1
139,1,1,2140,1
15,0,0,369,0
63,0,0,327,0
31,0,0,239,0
490,1,0,3991,1
26,0,0,270,0
65,0,0,434,0
80,0,0,459,0
55,0,0,394,0
268,0,1,2284,1
31,0,0,451,0
50,0,0,351,0
32,0,0,351,0
29,0,0,313,0
46,0,0,418,0
26,0,0,167,0
44,0,0,171,0
245,1,0,3909,1
13,0,0,314,0
442,0,0,3904,1
54,0,0,497,0
80,0,0,210,0
18,0,0,209,0
72,0,0,355,0
28,0,0,453,0
67,0,0,277,0
290,0,1,1181,1
37,0,0,360,0
74,0,0,114,0
23,0,0,432,0
22,0,0,278,0
462,0,0,4174,1
76,0,0,177,0
54,0,0,386,0
216,0,1,2383,1
20,0,0,475,0
114,1,1,963,1
49,0,0,358,0
11,0,0,249,0
60,0,0,395,0
50,0,0,461,0
68,0,0,346,0
421,0,0,1822,1
120,0,0,3667,1
80,0,0,261,0
62,0,0,102,0
122,0,0,3844,1
41,0,0,127,0
478,0,1,2788,1
199,1,0,2040,1
29,0,0,284,0
187,0,0,581,1
46,0,0,286,0
36,0,0,386,0
17,0,0,297,0
361,0,0,2692,1
20,0,0,137,0
68,0,0,380,0
67,0,0,413,0
33,0,0,254,0
142,0,1,987,1
297,0,0,2762,1
74,0,0,298,0
215,1,0,697,1
250,0,1,1283,1
363,0,0,663,1
39,0,0,463,0
309,0,1,3695,1
12,0,0,124,0
21,0,0,101,0
51,0,0,412,0
244,0,1,3717,1
356,1,1,2922,1
69,0,0,477,0
359,1,0,2416,1
122,0,1,2677,1
52,1,1,4009,1
42,0,0,395,0
246,1,0,1150,1
12,0,0,134,0
48,0,0,236,0
442,0,1,1126,1
45,0,0,482,0
373,0,0,1747,1
30,0,0,219,0
31,0,0,293,0
257,0,0,4770,1
34,0,0,401,0
106,0,1,3616,1
11,0,0,365,0
57,0,0,139,0
31,0,0,228,0
65,0,0,288,0
71,0,0,341,0
73,0,0,216,0
13,0,0,160,0
221,0,1,2965,1
74,0,0,142,0
61,0,0,470,0
16,0,0,133,0
44,0,0,329,0
79,0,0,102,0
73,0,0,441,0
23,0,0,417,0
64,0,0,462,0
448,1,1,1263,1
70,0,0,110,0
23,0,0,153,0
222,1,1,3547,1
55,0,0,409,0
34,0,0,194,0
70,1,1,4072,1
80,0,0,113,0
22,0,0,450,0
71,0,0,249,0
52,0,0,323,0
31,0,0,140,0
66,0,0,192,0
79,0,0,440,0
58,0,0,439,0
72,0,0,347,0
48,0,0,385,0
36,0,0,406,0
165,1,1,3701,1
54,0,0,168,0
71,0,0,438,0
68,0,0,198,0
380,0,0,4580,1
73,0,0,269,0
198,0,0,1663,1
66,0,0,398,0
53,0,0,212,0
70,0,0,139,0
52,0,0,376,0
55,0,0,366,0
62,0,0,319,0
43,0,0,497,0
68,0,0,310,0
41,0,0,302,0
239,1,0,4717,1
41,0,0,208,0
372,0,0,3322,1
40,0,0,335,0
11,0,0,183,0
63,0,0,463,0
28,0,0,345,0
39,0,0,195,0
64,0,0,423,0
416,1,0,4409,1
243,1,1,2785,1
48,0,0,341,0
77,0,0,192,0
57,0,1,1502,1
60,0,0,478,0
52,0,0,164,0
24,0,0,186,0
29,0,0,106,0
50,0,0,288,0
37,0,0,331,0
81,1,0,4164,1
66,0,0,425,0
477,1,1,3450,1
79,0,0,304,0
191,1,1,4651,1
26,0,0,244,0
41,0,0,351,0
62,0,0,203,0
250,1,1,620,1
69,0,0,320,0
389,1,1,2143,1
419,1,1,2069,1
12,0,0,384,0
49,0,0,492,0
38,0,0,391,0
19,0,0,120,0
52,0,0,146,0
495,1,0,3697,1
260,0,1,4537,1
34,0,0,100,0
47,0,0,340,0
77,0,0,283,0
59,0,0,475,0
227,1,0,1270,1
192,1,1,2335,1
391,0,1,4760,1
270,0,0,2297,1
40,0,0,103,0
411,0,0,2158,1
80,0,0,386,0
27,0,0,291,0
31,0,0,173,0
300,0,0,2409,1
425,1,1,3480,1
19,0,0,418,0
483,0,0,3592,1
28,0,0,174,0
22,0,0,362,0
26,0,0,268,0
385,0,0,3408,1
67,0,0,343,0
36,0,0,159,0
31,0,0,300,0
122,0,0,2555,1
74,0,0,252,0
39,0,0,210,0
232,0,1,4634,1
70,0,0,393,0
78,0,0,392,0
23,0,0,141,0
23,0,0,321,0
491,1,0,1633,1
70,0,0,455,0
46,0,0,203,0
44,0,0,356,0
21,0,0,192,0
75,0,0,315,0
79,0,0,266,0
41,0,0,180,0
26,0,0,457,0
71,0,0,437,0
13,0,0,377,0
10,0,0,130,0
33,0,0,323,0
264,1,0,3487,1
118,0,0,2481,1
73,0,0,327,0
472,0,1,3926,1
17,0,0,295,0
56,0,0,200,0
218,1,1,1016,1
12,0,0,166,0
49,0,0,302,0
45,0,0,148,0
78,0,0,297,0
69,0,0,458,0
21,0,0,289,0
14,0,0,271,0
31,0,0,428,0
167,1,0,1732,1
57,0,0,279,0
15,0,0,256,0
174,0,1,4809,1
67,0,0,154,0
15,0,0,434,0
71,0,1,1543,1
202,1,1,2218,1
35,0,0,345,0
10,0,0,194,0
28,0,0,303,0
21,0,0,355,0
16,0,0,230,0
18,0,0,138,0
335,1,0,1166,1
42,0,0,260,0
271,1,1,986,1
78,0,0,219,0
30,0,0,375,0
316,1,0,968,1
276,1,1,1452,1
40,0,0,102,0
477,0,1,4998,1
25,0,0,100,0
37,0,0,206,0
29,0,0,409,0
24,0,0,255,0
44,0,0,357,0
186,1,1,3097,1
11,0,0,220,0
42,0,0,180,0
58,0,0,441,0
373,1,0,1629,1
43,0,0,386,0
35,0,0,202,0
25,0,0,398,0
53,0,0,308,0
74,0,0,474,0
80,0,0,468,0
420,1,1,505,1
240,0,1,4400,1
59,0,0,352,0
206,1,0,2738,1
296,0,1,4514,1
22,0,0,166,0
27,0,0,316,0
75,0,0,334,0
48,0,0,206,0
17,0,0,297,0
43,0,0,419,0
33,0,0,390,0
76,0,0,282,0
57,0,0,368,0
43,0,0,432,0
70,0,0,441,0
57,0,0,163,0
77,0,0,283,0
20,0,0,180,0
264,1,0,2459,1
66,0,0,180,0
495,0,1,1825,1
323,1,0,1190,1
23,0,0,182,0
145,0,0,4148,1
98,0,1,4634,1
398,1,0,3422,1
118,1,1,3638,1
378,1,0,4045,1
71,0,0,262,0
466,1,0,3028,1
79,0,0,391,0
61,0,0,213,0
204,0,1,1613,1
53,0,0,451,0
21,0,0,222,0
15,0,0,357,0
18,0,0,325,0
53,0,0,358,0
45,0,0,411,0
302,0,1,3626,1
114,1,1,3682,1
57,0,0,143,0
35,0,0,254,0
36,0,0,459,0
78,0,0,467,0
60,0,0,399,0
26,0,0,460,0
345,1,1,1318,1
457,0,1,3872,1
51,0,0,446,0
246,1,0,1635,1
26,0,0,150,0
60,0,0,384,0
11,0,0,405,0
57,0,0,426,0
36,0,0,493,0
32,0,0,447,0
75,0,0,348,0
227,1,0,670,1
56,0,0,274,0
77,0,0,233,0
56,0,0,188,0
432,1,0,2330,1
54,0,0,321,0
69,0,0,318,0
46,0,0,181,0
261,0,1,1065,1
71,0,0,345,0
19,0,0,257,0
186,1,0,3989,1
311,1,1,1829,1
33,0,0,194,0
45,0,0,480,0
32,0,0,429,0
32,0,0,446,0
499,0,1,1369,1
356,0,0,1613,1
70,0,0,494,0
310,1,1,2599,1
393,0,1,1435,1
75,0,0,492,0
366,0,1,4679,1
73,0,0,449,0
10,0,0,440,0
376,1,0,4775,1
26,0,0,135,0
47,0,0,257,0
64,0,0,158,0
58,0,0,215,0
157,0,1,2076,1
65,0,0,107,0
480,1,1,2270,1
59,0,0,106,0
70,0,0,145,0
239,1,0,4697,1
51,0,0,310,0
56,0,0,259,0
350,0,1,1944,1
13,0,0,326,0
11,0,0,299,0
12,0,0,403,0
45,0,0,495,0
39,0,0,262,0
222,1,0,2290,1
244,1,1,2689,1
312,0,0,4981,1
15,0,0,495,0
82,1,0,2819,1
28,0,0,143,0
248,0,0,3612,1
46,0,0,450,0
77,0,0,195,0
56,0,0,174,0
16,0,0,189,0
223,0,1,2998,1
12,0,0,191,0
315,0,0,3202,1
73,0,0,278,0
76,0,0,167,0
101,0,1,3214,1
63,0,0,151,0
40,0,0,192,0
144,0,0,4680,1
243,0,0,1134,1
75,0,0,457,0
134,1,1,4574,1
409,1,1,4011,1
58,0,0,138,0
78,0,0,1471,1
126,1,1,943,1
39,0,0,339,0
76,0,0,207,0
23,0,0,267,0
252,1,0,3420,1
261,0,1,4744,1
71,0,0,475,0
340,0,1,4535,1
52,0,0,277,0
48,0,0,283,0
24,0,0,355,0
462,1,0,981,1
428,1,0,4125,1
35,0,0,442,0
26,0,0,227,0
48,0,0,353,0
480,1,1,1264,1
496,1,0,4156,1
42,0,0,109,0
75,0,0,416,0
36,0,0,443,0
72,0,0,442,0
18,0,0,455,0
24,0,0,179,0
13,0,0,326,0
61,0,0,308,0
499,1,0,3047,1
72,0,0,477,0
68,0,0,492,0
56,0,0,1379,1
31,0,0,326,0
37,0,0,288,0
27,0,0,488,0
68,0,0,458,0
63,0,0,404,0
58,0,0,254,0
444,0,1,2822,1
61,0,0,494,0
324,0,1,4666,1
55,0,0,126,0
318,0,1,3571,1
50,0,0,493,0
61,0,0,330,0
65,0,0,347,0
66,0,0,166,0
19,0,0,129,0
66,0,0,473,0
12,0,0,261,0
16,0,0,106,0
45,0,0,327,0
223,0,1,3451,1
52,0,0,271,0
297,0,0,4708,1
169,1,1,2321,1
50,0,0,212,0
42,0,0,299,0
41,0,0,499,0
46,0,0,322,0
10,0,0,136,0
139,1,1,2888,1
35,0,0,361,0
460,1,0,1590,1
59,0,0,127,0
136,0,1,3306,1
51,0,0,309,0
95,1,0,4930,1
63,0,0,157,0
195,1,0,4338,1
71,1,0,1597,1
369,0,0,1657,1
384,1,1,2027,1
15,0,0,329,0
14,0,0,147,0
134,0,0,3409,1
44,0,0,354,0
57,0,0,190,0
21,0,0,322,0
11,0,0,288,0
298,0,0,4552,1
38,0,0,420,0
70,0,0,239,0
184,0,0,2091,1
68,0,0,226,0
13,0,0,277,0
57,0,0,271,0
71,0,0,4229,1
122,1,0,4639,1
18,0,0,192,0
32,0,0,418,0
69,0,0,384,0
67,0,0,469,0
20,0,0,341,0
13,0,0,383,0
331,1,1,1607,1
11,0,0,447,0
41,0,0,500,0
38,0,0,321,0
35,0,0,141,0
18,0,0,348,0
123,1,1,1500,1
451,0,1,4876,1
387,0,0,2672,1
370,1,0,3779,1
10,0,0,122,0
454,0,1,624,1
41,0,0,111,0
183,0,0,2041,1
12,0,0,433,0
62,0,0,134,0
31,0,0,269,0
41,0,0,199,0
111,1,0,3457,1
95,0,0,3648,1
13,0,0,122,0
25,0,0,360,0
70,0,0,264,0
14,0,0,339,0
56,0,0,382,0
65,0,0,480,0
174,1,0,4036,1
147,0,1,1957,1
27,0,0,199,0
10,0,0,130,0
488,0,1,1348,1
21,0,0,458,0
77,0,0,434,0
421,0,0,2652,1
38,0,0,291,0
372,1,0,2254,1
425,1,1,1105,1
215,1,0,3071,1
273,0,1,2758,1
71,0,0,422,0
19,0,0,281,0
25,0,0,234,0
426,0,0,2073,1
285,1,0,566,1
487,1,0,4915,1
33,0,0,279,0
298,1,0,1823,1
49,0,0,466,0
448,1,0,1629,1
57,0,0,371,0
84,0,1,3145,1
60,0,0,459,0
24,0,0,328,0
77,0,0,463,0
39,0,0,233,0
21,0,0,299,0
468,0,0,2867,1
28,0,0,102,0
11,0,0,448,0
52,0,0,134,0
448,1,0,4326,1
52,0,1,2164,1
22,0,0,174,0
43,0,0,169,0
419,1,1,2992,1
37,0,0,187,0
65,0,0,446,0
21,0,0,385,0
360,0,1,679,1
68,0,0,496,0
26,0,0,493,0
110,0,1,2181,1
438,0,1,3988,1
283,0,0,1849,1
48,0,0,245,0
56,0,0,378,0
29,0,0,161,0
48,0,0,384,0
443,0,0,4006,1
47,0,0,222,0
70,1,1,3555,1
65,0,0,249,0
53,0,0,404,0
47,0,0,341,0
24,0,0,150,0
37,0,0,192,0
353,0,1,1671,1
60,0,0,405,0
98,1,1,1177,1
171,1,0,2629,1
74,0,0,198,0
377,1,0,3736,1
40,0,0,248,0
295,1,1,4650,1
59,0,0,150,0
47,0,0,407,0
68,0,0,249,0
62,0,0,242,0
418,0,0,4661,1
35,0,0,426,0
258,1,1,3591,1
46,0,0,388,0
372,0,0,4298,1
63,0,0,500,0
120,0,1,1409,1
15,0,0,233,0
67,0,0,4554,1
38,0,0,106,0
216,0,0,4920,1
123,0,0,1070,1
41,0,0,283,0
79,0,0,435,0
18,0,0,108,0
12,0,0,435,0
44,0,0,466,0
382,1,0,3223,1
60,0,0,219,0
34,0,0,268,0
73,0,0,4047,1
27,0,0,262,0
34,0,0,184,0
423,0,0,2590,1
76,0,0,408,0
215,1,1,2596,1
426,0,1,3155,1
22,0,0,436,0
12,0,0,323,0
227,0,0,3605,1
65,0,0,492,0
78,0,0,310,0
106,0,0,2025,1
61,0,0,260,0
66,0,0,266,0
178,1,1,3565,1
69,1,0,737,1
13,0,0,232,0
27,0,0,322,0
423,1,0,4998,1
51,0,0,472,0
50,1,1,2682,1
33,0,0,366,0
198,1,0,2502,1
32,0,0,111,0
39,0,0,243,0
60,0,0,184,0
37,0,0,109,0
299,1,0,3697,1
26,0,0,457,0
451,1,0,1969,1
26,0,0,298,0
75,0,0,255,0
255,0,1,1240,1
12,0,0,344,0
41,0,0,111,0
45,0,0,271,0
29,0,0,351,0
11,0,0,116,0
48,0,0,176,0
44,0,0,456,0
76,0,0,276,0
303,0,1,822,1
30,0,0,201,0
63,0,0,327,0
38,0,0,227,0
92,0,1,4682,1
70,0,0,497,0
63,0,0,146,0
48,0,0,281,0
74,0,0,488,0
363,0,1,896,1
29,0,0,248,0
18,0,0,395,0
23,0,0,129,0
48,0,0,399,0
22,0,0,224,0
34,0,0,234,0
35,0,0,484,0
83,1,1,3819,1
16,0,0,243,0
41,0,0,408,0
60,0,0,288,0
63,0,0,363,0
278,1,1,1778,1
41,0,0,409,0
149,1,0,3410,1
70,0,0,183,0
59,0,0,386,0
65,0,0,173,0
24,0,0,153,0
363,1,0,4527,1
54,0,0,424,0
110,1,1,4178,1
54,0,0,246,0
30,0,0,340,0
11,0,0,217,0
59,0,0,384,0
22,0,0,111,0
37,0,0,449,0
54,0,0,141,0
24,0,0,415,0
135,1,1,4639,1
107,0,0,4461,1
61,0,0,285,0
170,0,0,3895,1
30,0,0,384,0
33,0,0,358,0
117,0,1,3597,1
386,0,1,3351,1
28,0,0,424,0
356,0,0,526,1
69,0,0,320,0
96,1,0,975,1
42,0,0,266,0
54,0,0,342,0
167,1,0,2054,1
65,0,0,456,0
75,0,0,196,0
53,0,0,308,0
15,0,0,184,0
425,1,0,3284,1
381,1,1,4322,1
34,0,0,419,0
39,0,0,476,0
245,0,1,2747,1
401,0,1,871,1
21,0,0,309,0
66,0,0,263,0
13,0,0,156,0
57,0,0,466,0
70,0,0,243,0
57,0,0,123,0
80,0,0,447,0
37,0,0,493,0
30,0,0,143,0
22,0,0,165,0
56,0,0,151,0
119,0,0,1531,1
65,0,0,473,0
67,0,0,482,0
44,0,0,129,0
70,0,0,381,0
90,1,1,2857,1
79,0,0,382,0
67,0,0,252,0
32,0,0,463,0
433,0,0,1717,1
11,0,0,300,0
72,0,0,300,0
17,0,0,402,0
10,0,0,130,0
408,1,1,4085,1
74,0,0,140,0
44,0,0,428,0
72,0,0,351,0
404,1,1,2885,1
55,0,0,419,0
66,0,0,368,0
298,1,0,2833,1
95,0,1,4642,1
393,0,0,4317,1
16,0,0,101,0
485,1,1,2508,1
61,0,0,409,0
72,0,0,116,0
329,1,0,4516,1
75,0,0,376,0
77,0,0,361,0
64,0,0,329,0
37,0,0,399,0
25,0,0,306,0
154,1,1,3404,1
213,1,1,3139,1
27,0,0,301,0
33,0,0,434,0
47,0,0,108,0
50,0,0,162,0
69,0,0,115,0
59,0,0,343,0
70,0,0,202,0
42,0,0,111,0
79,0,0,379,0
66,0,0,148,0
444,1,1,4013,1
70,0,0,446,0
10,0,0,420,0
41,0,0,216,0
65,0,0,188,0
78,0,0,141,0
147,1,1,1340,1
47,0,0,325,0
179,1,0,2676,1
26,0,0,302,0
31,0,0,117,0
27,0,0,327,0
473,0,1,3965,1
47,0,0,125,0
219,1,0,808,1
290,0,0,4586,1
54,0,0,464,0
55,0,0,179,0
74,0,0,239,0
11,0,0,260,0
18,0,0,206,0
488,1,1,2788,1
72,0,0,112,0
84,0,1,720,1
48,0,0,158,0
331,0,1,4480,1
393,0,1,2396,1
41,0,0,355,0
36,0,0,421,0
59,0,0,233,0
41,0,0,442,0
332,0,1,1279,1
61,0,0,145,0
71,0,0,418,0
296,1,0,1856,1
35,0,0,422,0
42,0,0,490,0
79,0,0,365,0
323,1,1,3580,1
337,1,1,4788,1
74,0,0,272,0
65,0,0,452,0
10,0,0,324,0
40,0,0,248,0
50,0,0,239,0
33,0,0,219,0
69,0,0,346,0
16,0,0,109,0
65,0,0,171,0
66,1,0,551,1
58,0,0,413,0
10,0,0,288,0
16,0,0,469,0
75,0,0,1354,1
22,0,0,108,0
39,0,0,457,0
16,0,0,349,0
42,0,0,181,0
116,1,0,2704,1
67,0,0,338,0
64,0,0,310,0
18,0,0,493,0
67,0,0,428,0
379,1,0,2141,1
489,0,1,2007,1
491,0,0,3848,1
161,0,0,1169,1
77,0,0,188,0
11,0,0,310,0
44,0,0,229,0
358,1,0,2278,1
215,1,1,4847,1
32,0,0,219,0
237,0,0,1767,1
347,1,1,4594,1
44,0,0,179,0
68,0,0,404,0
14,0,0,317,0
31,0,0,324,0
41,0,0,115,0
15,0,0,306,0
27,0,0,200,0
180,0,1,4771,1
34,0,0,129,0
71,0,0,334,0
34,0,0,251,0
340,1,0,4772,1
60,0,0,115,0
69,0,0,436,0
17,0,0,438,0
70,0,0,100,0
48,0,0,198,0
160,0,0,1744,1
14,0,0,153,0
149,1,0,1911,1
65,0,0,201,0
66,0,0,393,0
51,0,0,304,0
49,0,0,407,0
42,0,0,356,0
59,0,0,429,0
262,1,1,2550,1
59,0,0,436,0
39,0,0,200,0
38,0,0,360,0
36,0,0,142,0
66,0,0,486,0
62,0,0,120,0
142,0,0,823,1
55,0,0,443,0
158,0,1,2846,1
45,0,0,356,0
44,0,0,406,0
20,0,0,457,0
72,0,0,102,0
134,0,1,2597,1
454,1,0,2665,1
448,1,0,3697,1
23,0,0,189,0
169,0,0,614,1
69,0,0,408,0
13,0,0,361,0
40,0,0,301,0
66,0,0,384,0
129,0,0,3312,1
153,1,1,1007,1
60,0,0,149,0
341,1,0,1448,1
61,0,0,439,0
64,0,0,441,0
63,0,0,419,0
63,0,0,459,0
17,0,0,382,0
78,0,0,438,0
334,1,0,1570,1
10,0,0,147,0
55,0,0,103,0
381,1,1,1746,1
74,0,1,4827,1
270,0,0,3335,1
93,0,1,3473,1
47,0,0,295,0
114,0,0,2638,1
54,0,0,182,0
16,0,0,364,0
22,0,0,269,0
286,1,1,1014,1
275,0,1,4859,1
31,0,0,247,0
56,0,0,407,0
352,0,0,1253,1
270,0,1,4871,1
80,0,0,328,0
77,0,0,124,0
18,0,0,344,0
42,0,0,234,0
13,0,0,366,0
75,0,0,130,0
450,1,1,2450,1
41,0,0,301,0
500,0,0,586,1
215,1,1,3646,1
68,0,0,397,0
55,0,0,250,0
17,0,0,149,0
29,0,0,293,0
67,0,0,467,0
26,0,0,366,0
432,0,1,4281,1
60,0,0,469,0
42,0,0,310,0
54,0,0,421,0
31,0,0,365,0
63,0,0,325,0
373,1,0,2023,1
236,1,1,643,1
46,0,0,283,0
250,1,0,2789,1
66,0,0,443,0
50,0,0,388,0
38,0,0,408,0
322,0,0,2218,1
451,0,1,3439,1
77,0,0,232,0
62,0,0,378,0
23,0,0,194,0
72,0,0,197,0
24,0,0,346,0
30,0,0,108,0
79,0,0,304,0
32,0,0,331,0
63,0,0,442,0
26,0,0,202,0
17,0,0,183,0
200,0,1,3252,1
80,0,0,205,0
76,0,0,215,0
18,0,0,490,0
46,0,0,298,0
60,0,0,342,0
31,0,0,412,0
45,0,0,155,0
69,0,0,224,0
29,0,0,199,0
74,0,0,117,0
77,0,0,499,0
26,0,0,242,0
16,0,0,241,0
17,0,0,314,0
196,1,0,2792,1
396,0,0,1798,1
72,0,0,211,0
31,0,0,221,0
47,0,0,246,0
69,0,0,219,0
76,0,0,327,0
478,1,1,1673,1
56,0,0,239,0
434,1,1,979,1
79,0,0,207,0
50,0,0,396,0
164,0,1,1670,1
64,0,0,442,0
37,0,0,423,0
17,0,0,420,0
45,0,0,220,0
45,0,0,134,0
265,0,0,3852,1
12,0,0,466,0
59,0,0,297,0
51,0,0,301,0
70,0,0,187,0
422,1,1,4006,1
24,0,0,499,0
26,0,0,158,0
50,1,0,4926,1
79,0,0,461,0
64,0,0,431,0
13,0,0,463,0
22,0,0,445,0
48,0,0,405,0
50,0,0,340,0
74,0,1,1749,1
417,1,0,4024,1
64,0,0,402,0
62,0,0,334,0
32,0,0,209,0
78,0,0,162,0
151,1,0,1703,1
70,1,0,4235,1
79,0,0,308,0
50,1,0,4549,1
21,0,0,226,0
133,0,0,3751,1
40,0,0,113,0
44,0,0,483,0
154,0,0,4728,1
293,1,0,3494,1
78,0,0,170,0
29,0,0,246,0
53,0,0,257,0
75,0,0,127,0
471,0,1,3388,1
325,0,1,672,1
446,1,0,2487,1
311,0,1,1911,1
51,0,0,291,0
74,0,0,408,0
17,0,0,399,0
78,0,0,194,0
77,0,0,311,0
59,0,0,114,0
16,0,0,393,0
75,0,0,455,0
56,0,0,335,0
76,1,1,3523,1
37,0,0,297,0
75,0,0,381,0
66,0,0,211,0
285,0,1,4300,1
22,0,0,265,0
17,0,0,169,0
77,1,0,2066,1
37,0,0,187,0
20,0,0,340,0
13,0,0,215,0
57,0,0,346,0
281,1,0,873,1
28,0,0,284,0
63,0,0,401,0
78,0,0,252,0
28,0,0,492,0
257,0,0,2365,1
327,1,1,3848,1
58,0,0,481,0
400,0,0,3639,1
147,0,0,2591,1
15,0,0,456,0
200,1,1,813,1
42,0,0,171,0
64,0,0,435,0
423,0,0,3375,1
77,0,0,467,0
67,0,0,489,0
49,0,0,110,0
69,0,0,242,0
253,1,0,1157,1
14,0,0,455,0
62,0,0,143,0
59,1,0,4176,1
342,0,1,4087,1
75,0,0,415,0
60,0,0,306,0
346,0,1,1339,1
480,1,0,1998,1
327,1,1,4842,1
38,0,0,267,0
53,0,0,116,0
480,0,0,3462,1
78,0,0,384,0
67,0,0,334,0
284,0,0,1752,1
55,0,0,427,0
327,1,1,4296,1
38,0,0,120,0
25,0,0,223,0
440,1,1,3234,1
47,0,0,197,0
45,0,0,422,0
284,1,1,1209,1
24,0,0,142,0
21,0,0,287,0
128,0,0,3624,1
32,0,0,250,0
152,0,1,1701,1
40,0,0,350,0
79,0,0,136,0
73,0,0,227,0
64,1,0,1793,1
76,0,0,364,0
386,1,1,4652,1
26,0,0,311,0
43,0,0,307,0
30,0,0,459,0
38,0,0,315,0
41,0,0,185,0
21,0,0,432,0
50,0,0,273,0
292,1,1,3428,1
90,1,0,3266,1
177,0,1,2061,1
49,0,0,428,0
32,0,0,399,0
75,0,0,125,0
34,0,0,174,0
264,1,1,4444,1
68,0,0,265,0
63,0,0,146,0
58,0,0,313,0
65,0,0,292,0
278,0,1,861,1
70,0,0,136,0
69,0,0,313,0
254,1,0,2242,1
62,0,0,198,0
20,0,0,343,0
80,0,0,476,0
52,0,0,668,1
148,0,0,1763,1
22,0,0,467,0
61,0,0,351,0
60,0,0,435,0
492,0,1,2683,1
13,0,0,499,0
271,1,1,1754,1
443,1,1,4992,1
75,0,0,405,0
48,0,0,482,0
141,0,1,3685,1
49,0,0,464,0
21,0,0,418,0
47,0,0,447,0
48,0,0,393,0
29,0,0,466,0
10,0,0,324,0
104,1,0,1157,1
26,0,0,134,0
53,0,0,316,0
80,0,0,317,0
322,0,0,1712,1
25,0,0,462,0
66,0,0,447,0
61,0,0,196,0
59,0,0,459,0
60,0,1,3206,1
26,0,0,151,0
49,0,0,342,0
34,0,0,247,0
27,0,0,370,0
221,0,0,1446,1
135,1,0,4171,1
39,0,0,497,0
32,0,0,447,0
34,0,0,214,0
70,0,0,452,0
10,0,0,169,0
14,0,0,492,0
73,0,0,143,0
32,0,0,156,0
17,0,0,173,0
66,0,0,236,0
71,0,0,384,0
115,0,0,543,1
75,0,0,132,0
55,0,0,225,0
41,0,0,292,0
78,0,0,320,0
23,0,0,278,0
263,0,1,2372,1
50,1,0,3999,1
29,0,0,291,0
26,0,0,457,0
472,1,0,4466,1
341,1,0,2646,1
16,0,0,364,0
